Start_AA,End_AA
V85L, C Bricault 2019 in the SI there are multiple resistnat mutations DH(this information taken from LANL databaes) 
N301H,  R. Henderson 2023
G321X, intermediate DH270 I5 autologus can recognize R. Henderson 2023
G300Y, Mattia Bonsignori 2017
G300N, Mattia Bonsignori 2017
V323X, intermediate DH270 I5 autologus can recognize R. Henderson 2023
V326X, intermediate DH270 I5 autologus can recognize R. Henderson 2023  
P326X, intermediate DH270 I5 autologus can recognize R. Henderson 2023  
T326X, intermediate DH270 I5 autologus can recognize R. Henderson 2023  
K327X, intermediate DH270 I5 autologus can recognize R. Henderson 2023  
E335K, Mattia Bonsignori 2017  
N413T, Mattia Bonsignori 2017
N295A, DH270 can neutralize this mutation Kevin O. Saunders 2019
N138A, DH270 can neutralize this mutation Kevin O. Saunders 2019
N141A, DH270 can neutralize this mutation Kevin O. Saunders 2019
N135Q, DH270 can neutralize this mutation Kevin O. Saunders 2019
N135Q, combination N135Q N138Q and N141Q can escape from DH270 IA DH270 can neutralize this mutation Kevin O. Saunders 2019
D185N, Mattia Bonsignori 2017
I818L, Mattia Bonsignori 2017
